f0,f1,f2,f3,f4,f5,f6,f7,f8,f9,f10,f11,f12,f13,f14,f15,f16,f17,f18,f19,f20,f21,f22,f23,f24,f25,f26,f27,f28,label
-44.748966217041016,101.9937744140625,6.732560157775879,23.76296043395996,2.7447052001953125,4.783652305603027,-7.081050395965576,-10.761664390563965,-5.47686767578125,0.5894632339477539,-6.719189167022705,-1.3183635473251343,-10.548436164855957,1643.7462640366414,1717.4417066246974,0.28384509682655334,0.2804834246635437,0.22396710515022278,0.30397117137908936,0.4581487476825714,0.2891829013824463,0.2826921045780182,0.21412751078605652,0.2771279513835907,0.3199336528778076,0.29581889510154724,0.453249454498291,0.26278921961784363,0.10923025948660714,AD
-34.29350662231445,55.08434295654297,6.903450965881348,16.943538665771484,-0.466778427362442,6.220904350280762,0.7517732381820679,-6.026059150695801,-12.477422714233398,2.2680766582489014,-4.505953788757324,3.4800024032592773,-4.036488056182861,2319.2812272855294,2020.6327453277265,0.38329270482063293,0.35347750782966614,0.48363152146339417,0.5292845368385315,0.44613149762153625,0.39974263310432434,0.3893026113510132,0.4560854136943817,0.45041030645370483,0.4630711078643799,0.4403773248195648,0.42168644070625305,0.22948987782001495,0.16647308450996678,AD
-74.27013397216797,71.0838394165039,17.416988372802734,15.451275825500488,2.0516817569732666,5.21490478515625,-2.053999900817871,0.6114960312843323,-13.456088066101074,-6.331914901733398,-17.507625579833984,-3.750633716583252,-5.409700393676758,2008.8455231258567,1974.203003220911,0.34604302048683167,0.364818274974823,0.3941594362258911,0.4009455442428589,0.3669877052307129,0.27171510457992554,0.2638895809650421,0.32309484481811523,0.2561682462692261,0.18595561385154724,0.22046703100204468,0.25547754764556885,0.2992771565914154,0.12194511217948718,AD
-11.016389846801758,79.17676544189453,18.47271156311035,20.634096145629883,11.801970481872559,13.071575164794922,-6.893060684204102,-1.5529941320419312,-0.2972463369369507,1.3252567052841187,-2.7361464500427246,-3.398674488067627,-5.185367584228516,1920.7842285835977,2010.230665084587,0.39117181301116943,0.3885326087474823,0.3544445335865021,0.38511770963668823,0.4593367576599121,0.48412778973579407,0.5288758873939514,0.5526432991027832,0.5112475156784058,0.4897482991218567,0.3709102272987366,0.33141469955444336,0.27690401673316956,0.12096444231719368,AD
-25.425048828125,72.62593841552734,28.00209617614746,13.282187461853027,9.359504699707031,12.602374076843262,-2.5751230716705322,5.120338439941406,-1.2340997457504272,3.7353973388671875,0.6129254102706909,1.5023599863052368,1.1419943571090698,2196.390805944162,2221.7878361709263,0.5011317729949951,0.46358680725097656,0.41302958130836487,0.4354555010795593,0.41967183351516724,0.4107731282711029,0.42079463601112366,0.4717123508453369,0.5663238763809204,0.5638211965560913,0.5142375826835632,0.4931379556655884,0.2676236927509308,0.1329798614178445,AD
-21.188377380371094,74.6845932006836,8.653542518615723,11.765484809875488,-1.5964744091033936,1.9478152990341187,-0.8751108050346375,3.959383964538574,-2.3893444538116455,-0.40278884768486023,-4.891319274902344,-2.8299946784973145,2.1684751510620117,2224.2344026797728,1976.7664897921063,0.3660176992416382,0.3513318598270416,0.45937636494636536,0.37115418910980225,0.37860167026519775,0.39205750823020935,0.35259929299354553,0.46517282724380493,0.369514137506485,0.4535868465900421,0.44314420223236084,0.38571977615356445,0.21297737956047058,0.16976705411585366,AD
-32.114295959472656,44.98163986206055,-2.9612786769866943,13.49520206451416,-1.4554963111877441,-2.6270716190338135,-15.369272232055664,-6.471358299255371,-22.674781799316406,-0.36056745052337646,-12.087528228759766,-2.4021410942077637,-3.560537815093994,2557.0725195467103,1922.766766612293,0.3134968876838684,0.2862517237663269,0.3523326814174652,0.4416026771068573,0.4431632459163666,0.3840347230434418,0.3703073263168335,0.37597301602363586,0.3922141492366791,0.3364657163619995,0.27356258034706116,0.3015058636665344,0.2541370391845703,0.25059291294642855,AD
-28.98855209350586,68.385009765625,-1.2672064304351807,17.020221710205078,-1.0504426956176758,3.649679183959961,0.2411406934261322,-0.9127122163772583,0.20836199820041656,-11.132659912109375,-6.079904556274414,-8.820902824401855,-3.015291213989258,2191.8101056896603,1932.2731953800799,0.25277087092399597,0.3941364586353302,0.3239182233810425,0.3438132107257843,0.2649625241756439,0.2919750511646271,0.30018290877342224,0.25960052013397217,0.40647226572036743,0.2987625002861023,0.325904905796051,0.2494751513004303,0.24009659886360168,0.15626802884615384,AD
-13.787473678588867,78.4675521850586,5.442827224731445,30.442014694213867,-1.1256850957870483,8.70859146118164,1.1793900728225708,5.768632411956787,4.100179672241211,1.2264810800552368,-1.6062766313552856,0.8725724220275879,-1.750199317932129,1924.9146810582386,1921.6720293988965,0.32209545373916626,0.6677919626235962,0.3774155378341675,0.330791711807251,0.25021034479141235,0.37111204862594604,0.36090603470802307,0.2505117654800415,0.44492241740226746,0.23948821425437927,0.18768459558486938,0.18148618936538696,0.2305299937725067,0.11885562818877551,AD
-12.808911323547363,75.67599487304688,12.956926345825195,13.197213172912598,9.561479568481445,4.5265350341796875,-3.1951687335968018,-5.389054775238037,-8.659531593322754,0.37715238332748413,-5.372883319854736,-3.889594554901123,-9.318943977355957,2145.0443952050405,2026.0234950379465,0.34214669466018677,0.3513793349266052,0.404897540807724,0.4556145668029785,0.5236262679100037,0.5268666744232178,0.5706196427345276,0.5124881267547607,0.4698120653629303,0.43239840865135193,0.36659854650497437,0.4150620400905609,0.24953027069568634,0.14755829419095093,AD
-27.12959861755371,72.63601684570312,8.575655937194824,17.31484603881836,4.673215866088867,9.308752059936523,-1.257225513458252,-0.41564327478408813,-7.39985990524292,-6.4175848960876465,-8.405665397644043,-4.535566806793213,-5.799975395202637,2166.031419388233,1972.3375792619618,0.2803328335285187,0.2399066686630249,0.29028651118278503,0.2481960654258728,0.45535188913345337,0.39962664246559143,0.4410209655761719,0.6130116581916809,0.3784891664981842,0.2991820275783539,0.29233744740486145,0.3670992851257324,0.20029780268669128,0.15394918246904024,AD
-2.545090675354004,88.37677764892578,2.120962142944336,13.848038673400879,-0.00875826459378004,6.93086576461792,-2.8774478435516357,2.6725592613220215,-5.443036079406738,-2.209404230117798,-8.786636352539062,0.6036130785942078,-3.398597240447998,1797.8738369179985,1880.8375939097468,0.28447288274765015,0.35714125633239746,0.3613685071468353,0.3661337196826935,0.4749704897403717,0.32707035541534424,0.35566645860671997,0.36748629808425903,0.39569395780563354,0.4760456085205078,0.3562298119068146,0.3402727544307709,0.2638387382030487,0.11446088971712538,AD
-544.9713134765625,114.22631072998047,29.20846176147461,34.83184051513672,34.971885681152344,8.21413803100586,13.382400512695312,3.6604015827178955,4.361266613006592,15.463698387145996,2.1698203086853027,10.426192283630371,8.734859466552734,714.3547009779687,1507.9200569052266,0.13064299523830414,0.0759788304567337,0.05922430753707886,0.09153032302856445,0.2168075293302536,0.46708106994628906,0.7569652199745178,0.9480851292610168,0.9952008724212646,0.7982726693153381,0.4820125997066498,0.2232184112071991,0.005840037018060684,0.009355260970744681,NORMAL
-543.9260864257812,107.1510009765625,31.543703079223633,34.76974105834961,39.20842742919922,5.752342224121094,18.692440032958984,2.2232506275177,1.285645842552185,16.77832794189453,2.516549825668335,13.593347549438477,4.983147621154785,822.3135380398846,1657.9894320790954,0.14503324031829834,0.10082778334617615,0.07088156044483185,0.08970487862825394,0.20643122494220734,0.44720786809921265,0.7250784039497375,0.9391229748725891,0.9995700120925903,0.8023048043251038,0.4956441819667816,0.22481246292591095,0.005862039979547262,0.011204496343085107,NORMAL
-536.8206176757812,108.08373260498047,29.802061080932617,31.751731872558594,38.71953582763672,8.358585357666016,16.282249450683594,6.381652355194092,4.511481285095215,17.459115982055664,4.094620227813721,8.647428512573242,6.839645862579346,799.908355577363,1638.0997894189616,0.18352149426937103,0.1502433568239212,0.10640205442905426,0.10595253854990005,0.23075862228870392,0.48755982518196106,0.7611392140388489,0.9536006450653076,0.9992162585258484,0.7912272810935974,0.4685092270374298,0.2265825718641281,0.005849331617355347,0.009666929853723404,NORMAL
-548.2523803710938,112.43144226074219,15.353936195373535,33.07011795043945,36.47663879394531,8.78571605682373,18.00333023071289,13.46675968170166,8.459586143493652,15.234634399414062,4.518036365509033,10.9032621383667,7.514434337615967,654.3899118700019,1436.2243442313365,0.08324528485536575,0.05266423523426056,0.06236906349658966,0.0915745198726654,0.2118387371301651,0.4624299108982086,0.742030918598175,0.9471648931503296,0.9984978437423706,0.7978389859199524,0.45966455340385437,0.1767636090517044,0.005847953725606203,0.008841007313829786,NORMAL
-538.7569580078125,112.27470397949219,22.734899520874023,32.45834732055664,36.88887023925781,2.9793217182159424,29.97450828552246,16.229774475097656,10.266714096069336,18.144866943359375,8.117106437683105,13.26406192779541,1.6493215560913086,613.1787398807722,1446.8535760648008,0.05439687892794609,0.03366308659315109,0.03929732367396355,0.07145754992961884,0.17823286354541779,0.433102011680603,0.7374173998832703,0.9470878839492798,0.9999852180480957,0.7475718259811401,0.42225244641304016,0.15309956669807434,0.008231342770159245,0.007209940159574468,NORMAL
-508.7743225097656,111.94465637207031,10.80990982055664,20.683534622192383,38.54499053955078,12.01848316192627,24.23126792907715,12.245584487915039,9.610944747924805,18.260732650756836,8.599184036254883,15.258289337158203,1.1378675699234009,722.5306912093921,1522.7079029672338,0.06708375364542007,0.046850524842739105,0.05374372750520706,0.08892583101987839,0.20542435348033905,0.4729466438293457,0.7717785239219666,0.9467582106590271,0.9988628029823303,0.8073968887329102,0.46710652112960815,0.17446057498455048,0.008317874744534492,0.007978723404255319,NORMAL
-541.86181640625,128.52818298339844,14.602324485778809,34.481319427490234,31.150644302368164,13.533228874206543,23.061012268066406,9.7283353805542,10.998933792114258,18.864459991455078,7.926204681396484,10.449726104736328,8.491460800170898,499.014517432335,1204.4869670231687,0.06337486207485199,0.05307391285896301,0.04949617385864258,0.07886432111263275,0.1951856166124344,0.46178704500198364,0.7700103521347046,0.9577633738517761,0.9994951486587524,0.7738039493560791,0.44128865003585815,0.16079099476337433,0.00838420633226633,0.00679438164893617,NORMAL
-500.4435729980469,96.49180603027344,29.03574562072754,23.0614013671875,35.160560607910156,19.705862045288086,26.04648208618164,8.124841690063477,12.000344276428223,17.466176986694336,6.179965496063232,9.362565994262695,5.248207092285156,1017.3960322375547,1705.6045268112093,0.11033856868743896,0.09227990359067917,0.07145095616579056,0.08508612960577011,0.22426430881023407,0.4866202771663666,0.7634163498878479,0.9571024179458618,0.9869106411933899,0.7396780848503113,0.42692676186561584,0.18046148121356964,0.00871342048048973,0.016798952792553192,NORMAL
-502.76611328125,115.77626037597656,12.55187702178955,30.64802360534668,30.5479793548584,-1.4307440519332886,17.69389533996582,6.491625785827637,7.668785095214844,14.069746017456055,1.649053692817688,9.667608261108398,7.803846836090088,870.0402509962621,1608.429476791752,0.1188654899597168,0.11038103699684143,0.13355331122875214,0.14389154314994812,0.23890084028244019,0.4954227805137634,0.7795705795288086,0.9529732465744019,0.988089919090271,0.7542827725410461,0.4152611196041107,0.18922312557697296,0.005914792884141207,0.012212225731382979,NORMAL
-509.0333251953125,98.92861938476562,18.01706886291504,29.192363739013672,31.405242919921875,-1.7238401174545288,16.91983413696289,12.640032768249512,11.493311882019043,16.869365692138672,5.528878211975098,11.520166397094727,6.6703691482543945,932.8688567006504,1740.6499439743136,0.11356411874294281,0.07997328042984009,0.08552355319261551,0.14165031909942627,0.2705112099647522,0.5077385306358337,0.7539634704589844,0.9388277530670166,0.9967402815818787,0.7583497166633606,0.4413926601409912,0.20488566160202026,0.0058302003890275955,0.014108211436170214,NORMAL
-501.8044738769531,123.86348724365234,16.595605850219727,22.180540084838867,30.215984344482422,1.883100986480713,17.91933822631836,4.003695011138916,6.052133083343506,7.858236789703369,-1.0770601034164429,7.700353622436523,2.1432156562805176,813.5887744952582,1564.1673293989077,0.15288645029067993,0.110544353723526,0.18383179605007172,0.23140721023082733,0.34252965450286865,0.594748854637146,0.7951487302780151,0.944762110710144,0.9971524477005005,0.8181730508804321,0.5025510191917419,0.2713490128517151,0.005886469967663288,0.011957696143617021,NORMAL
-501.8707275390625,121.31385803222656,22.491884231567383,25.36430549621582,35.36909484863281,7.5582990646362305,17.35338020324707,5.7460832595825195,5.022758960723877,6.62819242477417,-2.7425689697265625,8.029760360717773,1.6615426540374756,791.0744357895309,1569.4554786873846,0.16763374209403992,0.12106230854988098,0.1243773028254509,0.1422726809978485,0.2593521475791931,0.4942980408668518,0.7158941626548767,0.9711105823516846,0.993110179901123,0.68436199426651,0.4066813588142395,0.25199905037879944,0.006051973905414343,0.011968085106382979,NORMAL
-479.54351806640625,117.3218002319336,3.329383373260498,28.057323455810547,29.093210220336914,4.0419602394104,18.56883430480957,2.4904274940490723,4.529689311981201,9.016031265258789,0.6301491856575012,9.412739753723145,5.366642951965332,895.6506785800173,1569.5245157459149,0.19272281229496002,0.1297014355659485,0.14938072860240936,0.1488749384880066,0.23635882139205933,0.48128068447113037,0.7427915930747986,0.9759539365768433,0.979142427444458,0.7902013659477234,0.4681030511856079,0.24820682406425476,0.00595224229618907,0.014996467752659575,NORMAL
-473.71405029296875,120.39893341064453,4.116575717926025,23.5455265045166,25.38568687438965,6.311468124389648,20.533626556396484,-0.5048736333847046,4.917513370513916,10.181607246398926,1.3906441926956177,10.529606819152832,1.9793212413787842,902.8172376211601,1576.2489441334912,0.1646050661802292,0.10414698719978333,0.13971421122550964,0.17243987321853638,0.27112650871276855,0.4938901662826538,0.7262135744094849,0.9685011506080627,0.9780787825584412,0.764137327671051,0.4469015300273895,0.22887898981571198,0.0060504344291985035,0.018294963430851064,NORMAL
-483.0428161621094,122.62284088134766,2.469877243041992,17.308574676513672,29.297576904296875,12.667845726013184,26.537002563476562,4.967852592468262,5.795485973358154,14.667027473449707,4.928271293640137,13.515748023986816,1.731555700302124,768.632994978471,1473.6464803183217,0.08633024990558624,0.055203940719366074,0.0651947408914566,0.10522432625293732,0.2318592667579651,0.5153368711471558,0.7898609042167664,0.9642307162284851,0.9970594644546509,0.8076919317245483,0.46813181042671204,0.18408091366291046,0.007933562621474266,0.00874750664893617,NORMAL
-468.41650390625,125.58383178710938,9.725361824035645,44.923179626464844,21.685161590576172,4.468912124633789,17.577392578125,-3.766279935836792,1.6063520908355713,-1.3196220397949219,-6.002307415008545,6.5194091796875,1.6793853044509888,840.9408902657755,1376.4473480585366,0.059223514050245285,0.05087440088391304,0.15478909015655518,0.33358827233314514,0.4092157781124115,0.41316017508506775,0.4275687634944916,0.670393705368042,0.8064759969711304,0.6976004838943481,0.3385753631591797,0.12072761356830597,0.008221709169447422,0.02587371176861702,NORMAL
-488.4422302246094,116.8089599609375,9.848928451538086,25.9584903717041,22.04892921447754,16.686071395874023,9.6935396194458,-5.828225612640381,-5.856179714202881,7.066886901855469,1.7976208925247192,12.166047096252441,10.642861366271973,968.9121807100125,1549.6364287945687,0.13621388375759125,0.125655397772789,0.10301152616739273,0.10596127063035965,0.1880323886871338,0.33333998918533325,0.48163118958473206,0.6988778710365295,0.8879122734069824,0.7431438565254211,0.4003480076789856,0.16992327570915222,0.006028696428984404,0.019874085771276594,NORMAL
-539.7907104492188,140.42132568359375,2.698399782180786,45.59945297241211,24.99492073059082,5.521865367889404,10.426961898803711,-7.541944980621338,-7.06397008895874,11.792415618896484,6.467794895172119,3.9634461402893066,8.32114028930664,592.6219591092314,1121.2803815238508,0.07266947627067566,0.059118688106536865,0.0709061399102211,0.13217481970787048,0.22876092791557312,0.34910669922828674,0.5159470438957214,0.733757495880127,0.9828514456748962,0.6675525903701782,0.3542450964450836,0.15513256192207336,0.006071264389902353,0.0172612616356383,NORMAL
-514.5286254882812,103.9420394897461,26.141977310180664,29.164199829101562,22.82370948791504,14.383408546447754,9.100348472595215,4.25026273727417,-3.66398549079895,13.598477363586426,-1.4678045511245728,1.8334832191467285,14.057101249694824,998.6631598338894,1669.539508476601,0.10656250268220901,0.06038960441946983,0.05719471350312233,0.061536308377981186,0.09378643333911896,0.2201152890920639,0.4547240138053894,0.7115296125411987,0.9802502393722534,0.7192862629890442,0.4323388636112213,0.20970052480697632,0.00600196560844779,0.019546833444148936,NORMAL
-517.8922729492188,126.74620819091797,8.27314281463623,20.512765884399414,24.4993953704834,0.9749243855476379,17.639545440673828,-2.084057331085205,4.444970607757568,10.891490936279297,1.5831128358840942,6.040437698364258,16.85875129699707,761.3781215864948,1398.2066344223003,0.0886906087398529,0.0698564201593399,0.0637172982096672,0.08368807286024094,0.09383326023817062,0.18785792589187622,0.38065677881240845,0.6207095384597778,0.9418566823005676,0.7500200271606445,0.4130121171474457,0.17593464255332947,0.006216282490640879,0.019957197473404256,NORMAL
-497.9987487792969,97.16299438476562,15.746747016906738,32.63542175292969,22.354454040527344,17.774003982543945,14.348073959350586,-3.706937313079834,-4.8097944259643555,18.76858139038086,-2.908561944961548,9.827831268310547,4.073492050170898,1105.838727004978,1704.8312452227267,0.1046195775270462,0.0740378201007843,0.08069775253534317,0.1466488391160965,0.2872775197029114,0.5089309215545654,0.7439982891082764,0.9390249848365784,0.9440680146217346,0.6817858219146729,0.3560010492801666,0.1690087765455246,0.005856458097696304,0.022471326462765957,NORMAL
-517.9404296875,95.24742126464844,27.957971572875977,27.78338050842285,24.518943786621094,12.450644493103027,14.447665214538574,1.1036105155944824,-1.655542254447937,15.431346893310547,2.7827436923980713,10.55479907989502,7.662352085113525,1047.9830654443695,1790.3352798049768,0.07808437943458557,0.05934333801269531,0.0780225470662117,0.14178885519504547,0.28105148673057556,0.5366021394729614,0.7856155037879944,0.9893291592597961,0.903192937374115,0.6624340415000916,0.3175283670425415,0.13528434932231903,0.005860601551830769,0.017349567819148936,NORMAL
-280.1679382324219,87.39049530029297,-4.122912883758545,17.808631896972656,4.599319934844971,10.468299865722656,-5.461723327636719,-8.75645637512207,-8.499711990356445,-2.2168781757354736,-6.737486362457275,3.1208198070526123,-4.1338958740234375,1859.5135036025717,1885.011011384922,0.3089997470378876,0.3370954692363739,0.40850767493247986,0.3706608712673187,0.4359646439552307,0.5325608253479004,0.5466161370277405,0.622939944267273,0.6581745147705078,0.6060929298400879,0.5107077360153198,0.41794353723526,0.015234655700623989,0.13104632953265766,NORMAL
-168.8600311279297,71.94290161132812,9.013510704040527,49.01972579956055,8.887370109558105,1.83079993724823,-4.42901611328125,-13.291696548461914,-21.801158905029297,1.839633822441101,-17.299131393432617,-6.346790313720703,-3.0338082313537598,1924.0483607121748,1663.802702301591,0.12183188647031784,0.17552787065505981,0.3220095634460449,0.4284716248512268,0.2833188474178314,0.2856207489967346,0.38875100016593933,0.5137722492218018,0.5920782089233398,0.4079756736755371,0.2715945243835449,0.17758922278881073,0.09761077165603638,0.16631370367005813,NORMAL
-166.65708923339844,56.30078125,14.764010429382324,25.02971076965332,17.549421310424805,16.381332397460938,-10.337239265441895,-14.158984184265137,-15.407082557678223,14.235283851623535,-9.481639862060547,1.381563425064087,-4.5749125480651855,2381.227599905162,1922.442869837791,0.22366021573543549,0.2009662687778473,0.29181957244873047,0.44389981031417847,0.3849148154258728,0.314141184091568,0.42120420932769775,0.6573991179466248,0.7881627678871155,0.45303574204444885,0.20824648439884186,0.21580184996128082,0.09314994513988495,0.21518841911764705,NORMAL
-211.57711791992188,86.49359130859375,6.491724491119385,41.21232223510742,18.13530731201172,6.9129533767700195,-5.958432197570801,-7.1092939376831055,-11.653260231018066,-0.2425440549850464,-11.749252319335938,-0.839089572429657,-7.363796234130859,1628.384588870151,1643.4764256939623,0.22785978019237518,0.29955896735191345,0.43471017479896545,0.40555694699287415,0.34522920846939087,0.33193686604499817,0.4013649821281433,0.5331278443336487,0.6714373230934143,0.6244903206825256,0.46755877137184143,0.33057862520217896,0.07893068343400955,0.11275261492768596,NORMAL
-75.01884460449219,141.80307006835938,-13.145249366760254,11.755556106567383,-3.6618599891662598,6.350862503051758,-8.271903991699219,1.8885592222213745,-9.159687995910645,1.09078049659729,-1.233140230178833,-2.700824737548828,-4.023634433746338,1254.8703388802037,1341.0875755781374,0.3411386013031006,0.24972940981388092,0.3818722665309906,0.42944326996803284,0.5986964106559753,0.3133564591407776,0.18558520078659058,0.2507338225841522,0.28299465775489807,0.20553630590438843,0.2384081482887268,0.6271045207977295,0.21173574030399323,0.09673665364583334,NORMAL
-70.88545227050781,84.31932067871094,14.299389839172363,3.4214975833892822,4.051295280456543,-15.614960670471191,-11.833396911621094,-6.198802471160889,-5.751423358917236,-8.944616317749023,0.5185421705245972,-8.673526763916016,-9.083030700683594,1974.6491083715634,1959.1039663760478,0.3376736342906952,0.361279159784317,0.3741474449634552,0.39643311500549316,0.38111332058906555,0.3964046537876129,0.363572359085083,0.31231892108917236,0.3041912913322449,0.3642430305480957,0.3901703953742981,0.3400132954120636,0.2560884356498718,0.16031052291027606,NORMAL
-34.059547424316406,91.20296478271484,-9.16643238067627,19.392972946166992,-6.144507884979248,-6.59984016418457,-3.982349157333374,-3.606065511703491,0.009464360773563385,5.958374977111816,-5.099562168121338,-2.8398513793945312,-6.283179759979248,1723.3362247188932,1714.3598124439197,0.4442780017852783,0.4925324618816376,0.6007470488548279,0.5194751620292664,0.348202109336853,0.296122282743454,0.2699457108974457,0.2876720428466797,0.392871230840683,0.42852821946144104,0.3840724527835846,0.4220995008945465,0.2972954511642456,0.1050592736352848,NORMAL
-55.639739990234375,70.00140380859375,10.582547187805176,4.851527690887451,8.737473487854004,-16.544349670410156,-2.349059820175171,-2.8811163902282715,-3.852755069732666,3.9781346321105957,-1.227718472480774,-4.491908550262451,-6.570655345916748,2145.9729375498478,2119.639461734486,0.2146526426076889,0.24321895837783813,0.25992825627326965,0.31024789810180664,0.4560889005661011,0.5119446516036987,0.4771047532558441,0.4469458758831024,0.35837969183921814,0.3091719150543213,0.24599649012088776,0.21881482005119324,0.2772204279899597,0.1468732190349544,NORMAL
-49.4119758605957,73.7187728881836,5.271507740020752,27.675870895385742,1.458287239074707,5.0112996101379395,-9.931085586547852,-16.082584381103516,-7.813612461090088,-5.78864049911499,-11.036833763122559,-1.8457683324813843,-14.209203720092773,1979.1056165096193,1796.160516479362,0.35513076186180115,0.38083478808403015,0.38284730911254883,0.3735670745372772,0.32784420251846313,0.32609084248542786,0.3152305483818054,0.3431169390678406,0.383555144071579,0.382809042930603,0.36561480164527893,0.3467833399772644,0.26357293128967285,0.15127403846153847,NORMAL
-43.239559173583984,58.08124923706055,-10.137019157409668,34.909568786621094,-6.1024909019470215,-0.3575075566768646,-20.818279266357422,-21.307252883911133,-15.016260147094727,-6.137326717376709,-13.437195777893066,-1.5618678331375122,-13.721281051635742,2065.927289811931,1735.0994181463354,0.3885282874107361,0.370836079120636,0.3997114300727844,0.36090347170829773,0.35221272706985474,0.38257870078086853,0.38786089420318604,0.37812528014183044,0.3229328691959381,0.3015815317630768,0.3037872016429901,0.35849136114120483,0.2530188262462616,0.16481119791666668,NORMAL
-54.27233123779297,113.05438232421875,-2.008404016494751,18.555654525756836,-2.2203121185302734,-8.07037353515625,-16.488935470581055,-8.51412582397461,-2.0800588130950928,-6.770537376403809,-1.7942512035369873,-5.305819988250732,-8.522117614746094,1487.9757910444291,1556.0416046314824,0.3468751013278961,0.3726430833339691,0.2651766836643219,0.22565901279449463,0.2585779130458832,0.28705862164497375,0.29641637206077576,0.3219406306743622,0.4484764337539673,0.5556337237358093,0.5751585960388184,0.4106476306915283,0.26770448684692383,0.10975378787878788,NORMAL
-102.44381713867188,121.51439666748047,25.83492660522461,18.89760398864746,-2.256612777709961,2.666364908218384,-6.44883394241333,-7.00108003616333,-9.063514709472656,-1.252791166305542,-11.86740493774414,-11.092483520507812,-11.910467147827148,1324.5492168760024,1571.964187208933,0.33660781383514404,0.18525370955467224,0.1689852774143219,0.1327151656150818,0.22873084247112274,0.19397005438804626,0.2538480758666992,0.27917104959487915,0.2806025445461273,0.7021656632423401,0.26923754811286926,0.19829092919826508,0.24540682137012482,0.08357416197311046,NORMAL
-14.768549919128418,64.0996322631836,0.9757859110832214,17.47527503967285,-3.732853651046753,-4.061788558959961,-11.893782615661621,-15.551263809204102,-10.237198829650879,-4.567399978637695,-13.412692070007324,-0.6864193677902222,-9.301249504089355,2346.0291550354314,1926.298697592673,0.3588384985923767,0.38861116766929626,0.405937522649765,0.4312689006328583,0.4692045748233795,0.4842069745063782,0.48498114943504333,0.5032883286476135,0.5126587748527527,0.512923002243042,0.4875859022140503,0.39228391647338867,0.25612974166870117,0.2094636694785276,NORMAL
-82.76525115966797,135.66232299804688,3.0192298889160156,31.847375869750977,-1.3229320049285889,1.6517553329467773,-2.7812671661376953,0.25165605545043945,-7.125429630279541,-0.8275056481361389,-2.678450584411621,-0.5099742412567139,-3.0168333053588867,1180.0833390775367,1347.231234260992,0.2256605327129364,0.3673384487628937,0.4316145181655884,0.6273472905158997,0.3360869288444519,0.20981737971305847,0.25611263513565063,0.2737235724925995,0.17668601870536804,0.2049533724784851,0.48511606454849243,0.3230073153972626,0.2500689923763275,0.0715774625365497,NORMAL
-61.53194046020508,123.06572723388672,-3.2721924781799316,28.191118240356445,0.5107405781745911,7.848295211791992,2.9966447353363037,-0.5423886775970459,-4.1663384437561035,-0.6529897451400757,-2.9051616191864014,-3.331221580505371,-8.472412109375,1370.621932461517,1481.6655577318936,0.4960562586784363,0.44153040647506714,0.38142433762550354,0.3649930953979492,0.4476020336151123,0.4705759286880493,0.5311099886894226,0.5836207866668701,0.40478232502937317,0.39391201734542847,0.37813296914100647,0.39623600244522095,0.2595301568508148,0.09729383006599379,NORMAL
-20.1868896484375,86.22173309326172,-22.70244598388672,9.318662643432617,-16.14404296875,-1.04229736328125,-9.353683471679688,-11.520362854003906,-4.688933372497559,-6.077982425689697,-2.5615293979644775,-1.822097897529602,-10.48810863494873,1922.717818105228,1678.650037278627,0.3523094654083252,0.4058670401573181,0.42687922716140747,0.4425426423549652,0.4309315085411072,0.3884196877479553,0.39043232798576355,0.4000905454158783,0.3985075354576111,0.40175876021385193,0.3789796829223633,0.35458454489707947,0.24413594603538513,0.155295904428681,NORMAL
-55.412960052490234,83.91163635253906,15.788201332092285,17.59518814086914,2.5372154712677,-0.7519891262054443,-3.834076404571533,-14.665560722351074,-9.0808744430542,-3.1453754901885986,-5.868366718292236,-5.913280963897705,-11.5591402053833,2020.919438845938,1864.2231617693178,0.41474947333335876,0.3663228154182434,0.3343885540962219,0.3069959878921509,0.3366575241088867,0.33433377742767334,0.3627462685108185,0.4105059802532196,0.3658427596092224,0.3738364279270172,0.40976691246032715,0.4310883581638336,0.2536294162273407,0.166748046875,NORMAL
-48.467437744140625,85.12899017333984,14.449888229370117,27.518327713012695,9.852631568908691,2.1155803203582764,2.354454278945923,-0.830230712890625,-9.93755054473877,-2.575646162033081,-5.213147163391113,-3.374957323074341,-10.563652992248535,1826.4255925690259,1788.2331328857313,0.30042824149131775,0.29472050070762634,0.3619886636734009,0.43989327549934387,0.5362573862075806,0.5216273665428162,0.47964444756507874,0.47455498576164246,0.4399295747280121,0.3993165194988251,0.3851912021636963,0.43439754843711853,0.2750205397605896,0.13215796347776074,NORMAL
-105.04866027832031,100.54185485839844,32.4995231628418,19.919757843017578,6.666609287261963,3.853116750717163,-1.2987918853759766,-2.7994399070739746,-3.8155298233032227,4.8394389152526855,-5.335285186767578,-2.745962619781494,-9.667486190795898,1524.7573705178138,1730.6168279994151,0.42103204131126404,0.589175283908844,0.41370871663093567,0.27670443058013916,0.26960963010787964,0.2650497555732727,0.2561495304107666,0.27145400643348694,0.3843157887458801,0.3748856782913208,0.28957539796829224,0.28719261288642883,0.2407568097114563,0.09369574652777778,NORMAL
-0.6900683641433716,81.3625259399414,1.1029987335205078,14.687564849853516,5.599153518676758,1.3305162191390991,-5.620090961456299,1.4704221487045288,-8.894495010375977,2.435091733932495,-7.4451985359191895,-3.2116260528564453,-3.3001701831817627,1984.914489975003,1940.5214891750772,0.4051916301250458,0.3197652995586395,0.36606365442276,0.42190125584602356,0.4323318898677826,0.3708961606025696,0.4004012644290924,0.40678831934928894,0.38801342248916626,0.39577385783195496,0.41000786423683167,0.5320686101913452,0.2519405484199524,0.1392635041219325,NORMAL
-74.27025604248047,134.98269653320312,20.26673698425293,14.728194236755371,8.406087875366211,2.4320566654205322,-3.713153600692749,8.37933349609375,-11.034769058227539,6.6473069190979,-8.790771484375,-5.119144439697266,-5.427166938781738,1048.8813765950654,1442.5882482031259,0.5409202575683594,0.5587747693061829,0.5050067901611328,0.4142114818096161,0.35399913787841797,0.24175627529621124,0.17092323303222656,0.18652702867984772,0.2794966399669647,0.40551865100860596,0.5111355185508728,0.5076873898506165,0.33232805132865906,0.051756332859848486,NORMAL
-23.565242767333984,73.61170196533203,-4.120754241943359,35.8091926574707,-6.104740142822266,2.092360496520996,-10.463783264160156,-7.664943695068359,-11.386177062988281,-9.868728637695312,-8.223215103149414,-3.1983678340911865,-13.711808204650879,1921.2032517501607,1784.8250556183855,0.3643094599246979,0.3630830943584442,0.38361185789108276,0.4415329098701477,0.47971415519714355,0.4535289406776428,0.401043564081192,0.3701108694076538,0.3889750838279724,0.38227754831314087,0.3772173225879669,0.39578840136528015,0.25471004843711853,0.14698371763754045,NORMAL
-42.32579040527344,101.36978912353516,-7.933767318725586,27.140405654907227,-0.4800628125667572,7.327524185180664,-3.2604854106903076,0.10638827085494995,-4.344964027404785,0.8798852562904358,-4.112269401550293,2.9671003818511963,-8.138283729553223,1607.0649491976415,1659.2908635692245,0.3180716335773468,0.3519551157951355,0.7291789054870605,0.3816767632961273,0.4034542739391327,0.49044734239578247,0.2805001437664032,0.23203404247760773,0.2360239028930664,0.4583896994590759,0.42913705110549927,0.3504709303379059,0.18322350084781647,0.10881066248052959,NORMAL
-45.403953552246094,85.22284698486328,-13.071139335632324,18.68994903564453,-2.341020107269287,3.7307939529418945,-8.0135498046875,-0.9004698395729065,-4.341927528381348,-5.869239330291748,-6.238310813903809,0.059804122895002365,-5.166747093200684,1804.6375472986783,1677.6197052524913,0.3902035355567932,0.34376153349876404,0.4165652394294739,0.3456610441207886,0.305418998003006,0.3019642233848572,0.30527761578559875,0.29842185974121094,0.35164159536361694,0.3962242603302002,0.31126639246940613,0.34335190057754517,0.24646596610546112,0.12454998530564264,NORMAL
-2.134121894836426,44.027061462402344,-17.12875747680664,27.968202590942383,-15.484941482543945,3.916353702545166,-11.571758270263672,-2.729201316833496,-2.637701988220215,1.3471437692642212,-7.3031487464904785,-5.034331798553467,-7.824538707733154,2507.623052070655,1804.6350458245488,0.47467535734176636,0.5147481560707092,0.4619107246398926,0.346469521522522,0.2856219708919525,0.27469706535339355,0.303180456161499,0.3269011974334717,0.3238920569419861,0.32357433438301086,0.34148848056793213,0.36789458990097046,0.2604230046272278,0.21883836991947853,NORMAL
-26.779869079589844,83.89350891113281,-12.627140998840332,41.372764587402344,0.44203808903694153,0.19794651865959167,-7.983067035675049,0.5168143510818481,0.5599250197410583,0.24690453708171844,-6.061319828033447,2.0652079582214355,-4.482886791229248,1884.429767024109,1707.6586570641311,0.3984558582305908,0.30351340770721436,0.4397151470184326,0.3378562927246094,0.35374048352241516,0.3084527850151062,0.29644638299942017,0.2893691956996918,0.35687384009361267,0.6092564463615417,0.46108564734458923,0.3082934021949768,0.2447364777326584,0.1394675925925926,NORMAL
-261.7360534667969,62.80038833618164,-0.4347212314605713,13.92101001739502,-1.8833411931991577,6.266373157501221,0.2259281873703003,1.0558799505233765,-4.486734390258789,5.342020034790039,-5.994975566864014,4.502381324768066,-0.18848484754562378,2399.5899690313377,2060.7156096090007,0.5040530562400818,0.504473090171814,0.5154606103897095,0.5266904830932617,0.5802132487297058,0.5910443067550659,0.6048373579978943,0.583974301815033,0.5353648662567139,0.5186747312545776,0.4377807080745697,0.521405041217804,0.016535276547074318,0.19697800727739725,NORMAL
-195.24266052246094,72.45488739013672,4.514726161956787,23.25644302368164,-1.2967849969863892,9.245038032531738,-1.4204211235046387,-11.08452320098877,-16.278894424438477,-1.6166110038757324,-10.070564270019531,3.381492853164673,-6.199592113494873,2005.2017290829417,1869.0865186477968,0.3584420680999756,0.37448182702064514,0.5164987444877625,0.4878801703453064,0.408575177192688,0.36691901087760925,0.3860715925693512,0.3782672882080078,0.3614085018634796,0.3384957015514374,0.25357767939567566,0.32241642475128174,0.0745353251695633,0.15630294615963855,NORMAL
-258.5058288574219,79.53233337402344,-4.053997039794922,22.317813873291016,7.8254075050354,8.514198303222656,6.177103042602539,0.7700408101081848,-5.996945381164551,-0.5075284242630005,-7.793909072875977,3.267833948135376,-1.4319404363632202,1891.500529039263,1860.7866518364663,0.5509957075119019,0.38483837246894836,0.4122445583343506,0.43095892667770386,0.45751234889030457,0.501423180103302,0.43471476435661316,0.43685707449913025,0.5015580058097839,0.5651183128356934,0.5527077317237854,0.49921920895576477,0.03595901280641556,0.13294910249255953,NORMAL
-225.19386291503906,114.60845184326172,26.372966766357422,35.146278381347656,24.487279891967773,11.770394325256348,10.543754577636719,3.8715922832489014,2.0620033740997314,7.8344597816467285,-2.386969804763794,8.453657150268555,3.899402379989624,925.4714059911894,1537.6312757095131,0.1296120584011078,0.12882788479328156,0.1466195434331894,0.18201026320457458,0.20867569744586945,0.3642062246799469,0.564666748046875,0.7557998299598694,0.8943632245063782,0.7257563471794128,0.48252519965171814,0.2260248064994812,0.12401064485311508,0.02846883911596958,NORMAL
-177.02896118164062,104.65857696533203,27.29269790649414,39.6099967956543,22.80786895751953,11.00082778930664,8.596694946289062,-2.84769344329834,-0.5418879985809326,4.773285388946533,-5.445139408111572,5.368021011352539,1.748639702796936,1112.9143712800578,1664.1635475110036,0.15273141860961914,0.15841487050056458,0.16807137429714203,0.17915837466716766,0.26876580715179443,0.4292219877243042,0.5867679715156555,0.7251473069190979,0.7801072597503662,0.6415499448776245,0.44927674531936646,0.25968649983406067,0.1470259577035904,0.0375741057073955,NORMAL
-182.63229370117188,98.92230224609375,12.884486198425293,21.730621337890625,19.50518798828125,7.939660549163818,13.319029808044434,6.429961204528809,6.954349994659424,8.918204307556152,1.9518928527832031,10.16243839263916,5.159167766571045,1393.3694432249533,1888.6159373761518,0.16987557709217072,0.14944101870059967,0.13109038770198822,0.13777394592761993,0.21449534595012665,0.4176921546459198,0.663586437702179,0.8372200727462769,0.9569578170776367,0.7732110023498535,0.5081811547279358,0.26510241627693176,0.09333665668964386,0.04259224397590362,NORMAL
-94.69104766845703,100.2880630493164,36.35643768310547,32.62948226928711,16.765132904052734,-1.2454094886779785,2.3249967098236084,-13.657801628112793,-8.218347549438477,1.5463513135910034,-8.045784950256348,3.9913976192474365,-1.6372368335723877,1398.600490531268,1863.4455738635536,0.16065943241119385,0.16454510390758514,0.23005233705043793,0.32809871435165405,0.39186814427375793,0.3446342945098877,0.3627074956893921,0.43117377161979675,0.524078369140625,0.5003060698509216,0.2882448434829712,0.21419160068035126,0.23948988318443298,0.07026811079545454,NORMAL
-100.81004333496094,110.61084747314453,15.642389297485352,33.88020706176758,15.72029972076416,-6.780755519866943,-4.722076892852783,-17.375242233276367,-3.5033719539642334,7.262196063995361,-10.541672706604004,-0.18228700757026672,1.8324100971221924,1331.30991485145,1669.6966582052164,0.28694090247154236,0.27973484992980957,0.35496610403060913,0.3869839310646057,0.4710859954357147,0.55605548620224,0.5750526785850525,0.6071010828018188,0.5456138253211975,0.4968814551830292,0.414770245552063,0.3104396164417267,0.2105114459991455,0.07528233292079207,NORMAL
-101.42414093017578,89.64112854003906,11.977664947509766,29.492441177368164,15.55595588684082,-10.146321296691895,-3.4746510982513428,-9.746320724487305,2.024761199951172,6.559410095214844,-5.483259677886963,3.1590003967285156,0.3252318203449249,1643.5554439495413,1915.7280446460716,0.1556510329246521,0.19185622036457062,0.2873149812221527,0.45531055331230164,0.5997839570045471,0.5703530311584473,0.5917397737503052,0.66341632604599,0.587096095085144,0.4784833490848541,0.30165356397628784,0.2065601795911789,0.15665534138679504,0.090423583984375,NORMAL
-151.19398498535156,100.85515594482422,37.13359069824219,43.27609634399414,24.359533309936523,2.2540676593780518,-1.6877135038375854,-13.13725757598877,-8.017568588256836,2.216235399246216,-9.31888198852539,2.4827325344085693,0.2571537494659424,1256.3579969540588,1768.5887356557218,0.15224547684192657,0.12287429720163345,0.21527735888957977,0.4112764894962311,0.4338473081588745,0.5141994953155518,0.4634437561035156,0.5303676724433899,0.6807635426521301,0.5921378135681152,0.4061753451824188,0.19247379899024963,0.17894050478935242,0.05604469119094488,NORMAL
-196.88597106933594,84.82411193847656,27.177330017089844,31.830698013305664,21.25470542907715,8.084823608398438,11.402620315551758,3.7022335529327393,4.240637302398682,9.46771240234375,-0.22069746255874634,8.16791820526123,2.2650938034057617,1476.63214784805,2060.710935080846,0.1438978910446167,0.10439126938581467,0.10601279884576797,0.16179080307483673,0.266752690076828,0.4554896354675293,0.6302420496940613,0.8116738200187683,0.9349386096000671,0.7235516905784607,0.4665662348270416,0.23708048462867737,0.0884149968624115,0.040077090634735205,NORMAL
-175.1009521484375,90.77296447753906,22.365398406982422,27.877460479736328,18.678388595581055,1.3557285070419312,5.778759002685547,0.9420374035835266,1.073891043663025,7.450145244598389,0.003707386553287506,7.351227760314941,1.6928694248199463,1534.4661944246934,1982.6869899611072,0.14228945970535278,0.12733854353427887,0.227736696600914,0.4581735134124756,0.42037588357925415,0.5287789106369019,0.6763415932655334,0.8743024468421936,0.8251444697380066,0.6244866847991943,0.3848077058792114,0.22069956362247467,0.08889646828174591,0.05947904497663552,NORMAL
-118.92011260986328,83.21369171142578,5.284895420074463,19.530797958374023,15.206877708435059,4.470945358276367,8.307884216308594,2.3484954833984375,3.934278726577759,11.773578643798828,0.22912225127220154,10.884822845458984,2.397569417953491,1731.9718600025315,2008.6559689760306,0.24744412302970886,0.24431781470775604,0.28017953038215637,0.3201652765274048,0.34540626406669617,0.4481200873851776,0.6234967112541199,0.7597238421440125,0.8690638542175293,0.7263742685317993,0.5272631645202637,0.31194016337394714,0.11838633567094803,0.07907504949095022,NORMAL
-135.52532958984375,75.05780792236328,10.372687339782715,31.01681137084961,28.312437057495117,5.047595024108887,6.32396125793457,3.599976062774658,3.471355676651001,12.55478286743164,2.122854709625244,10.012707710266113,1.953102946281433,1813.943886287625,2122.150929561091,0.19425685703754425,0.17934247851371765,0.2270892709493637,0.2822455167770386,0.43478161096572876,0.51913982629776,0.6557108163833618,0.7865214347839355,0.8546836972236633,0.6943676471710205,0.49017012119293213,0.29516714811325073,0.09222659468650818,0.0674529935970948,NORMAL
-125.38793182373047,95.55924987792969,9.912647247314453,24.587461471557617,20.842226028442383,2.3719358444213867,6.167270660400391,3.5006985664367676,2.841280460357666,9.601810455322266,-1.1099933385849,6.780311107635498,2.502837896347046,1474.6528226813261,1918.562170255575,0.29914426803588867,0.2911241352558136,0.27567678689956665,0.3679986596107483,0.5705819129943848,0.6267461180686951,0.6929020285606384,0.7471455335617065,0.7186368107795715,0.5753359198570251,0.4023706316947937,0.3332628905773163,0.1245950385928154,0.05454323508522727,NORMAL
-108.85916137695312,82.05701446533203,17.059581756591797,28.855087280273438,25.16360855102539,3.802478313446045,4.753953456878662,-0.2829800844192505,-0.8289255499839783,7.200750827789307,-2.943098545074463,5.7778191566467285,1.5011422634124756,1757.5139898436837,2039.85137976447,0.265731543302536,0.2439449429512024,0.2719040513038635,0.37701964378356934,0.47073984146118164,0.5492691397666931,0.5904505848884583,0.7074655294418335,0.8286365866661072,0.7021151185035706,0.5086677074432373,0.35441356897354126,0.13958662748336792,0.08628392584097859,NORMAL
-146.01197814941406,83.08690643310547,10.778419494628906,29.175384521484375,30.51987075805664,1.5668021440505981,10.900662422180176,4.463465690612793,5.559473514556885,14.580171585083008,1.9024969339370728,7.494187355041504,1.4418842792510986,1646.266846592989,2084.398946982227,0.21287329494953156,0.20056025683879852,0.21941500902175903,0.2927355468273163,0.4503289759159088,0.5883891582489014,0.6777934432029724,0.7953370809555054,0.902381420135498,0.7580761313438416,0.518171489238739,0.31365707516670227,0.09881962835788727,0.05361510660046729,NORMAL
-134.8884735107422,88.2708740234375,6.653977394104004,24.352998733520508,25.719755172729492,3.949422836303711,8.61178970336914,4.483537197113037,4.145461559295654,11.5125732421875,-0.5467922687530518,7.608664035797119,3.2499027252197266,1591.570666414987,1977.9801699042644,0.19276456534862518,0.2215229719877243,0.2688647508621216,0.34750935435295105,0.5940792560577393,0.635585606098175,0.6746983528137207,0.8209099173545837,0.8960965871810913,0.6824318170547485,0.4300106465816498,0.2631763815879822,0.10325291752815247,0.06583280341569768,NORMAL
